<?xml version="1.0" encoding="UTF-8"?><record_update table="sys_app">
    <sys_app action="INSERT_OR_UPDATE">
        <active>true</active>
        <can_edit_in_studio>true</can_edit_in_studio>
        <enforce_license>none</enforce_license>
        <guided_setup_guid/>
        <hide_on_ui>false</hide_on_ui>
        <ide_created>DS</ide_created>
        <installed_as_dependency>false</installed_as_dependency>
        <js_level>es_latest</js_level>
        <licensable>true</licensable>
        <license/>
        <license_category>none</license_category>
        <license_definition/>
        <license_model>none</license_model>
        <logo/>
        <menu/>
        <name>GitDemo</name>
        <package_json/>
        <private>false</private>
        <restrict_table_access>false</restrict_table_access>
        <runtime_access_tracking>permissive</runtime_access_tracking>
        <scope>x_1521157_gitdemo</scope>
        <scoped_administration>false</scoped_administration>
        <short_description>How to SN to Git</short_description>
        <source>x_1521157_gitdemo</source>
        <store_correlation_id/>
        <store_url/>
        <subscription_entitlement/>
        <sys_class_name>sys_app</sys_class_name>
        <sys_code/>
        <sys_created_by>admin</sys_created_by>
        <sys_created_on>2024-10-25 09:45:02</sys_created_on>
        <sys_id>084c0c10c36512103fc8502ed401318f</sys_id>
        <sys_mod_count>1</sys_mod_count>
        <sys_updated_by>admin</sys_updated_by>
        <sys_updated_on>2024-10-25 09:45:02</sys_updated_on>
        <template/>
        <trackable>true</trackable>
        <uninstall_blocked>false</uninstall_blocked>
        <user_role/>
        <vendor/>
        <vendor_prefix/>
        <version>1.0.0</version>
    </sys_app>
    <sys_translated_text action="delete_multiple" query="documentkey=084c0c10c36512103fc8502ed401318f"/>
</record_update>
