<?xml version="1.0" encoding="UTF-8"?><record_update table="sys_security_acl_role">
    <sys_security_acl_role action="INSERT_OR_UPDATE">
        <sys_class_name>sys_security_acl_role</sys_class_name>
        <sys_created_by>admin</sys_created_by>
        <sys_created_on>2024-10-25 10:21:27</sys_created_on>
        <sys_id>fd94581cc36512103fc8502ed401311e</sys_id>
        <sys_mod_count>0</sys_mod_count>
        <sys_name>x_1521157_gitdemo_employee_data.x_1521157_gitdemo.employee_data_user</sys_name>
        <sys_package display_value="GitDemo" source="x_1521157_gitdemo">084c0c10c36512103fc8502ed401318f</sys_package>
        <sys_policy/>
        <sys_scope display_value="GitDemo">084c0c10c36512103fc8502ed401318f</sys_scope>
        <sys_security_acl display_value="x_1521157_gitdemo_employee_data">fd94581cc36512103fc8502ed401311a</sys_security_acl>
        <sys_update_name>sys_security_acl_role_fd94581cc36512103fc8502ed401311e</sys_update_name>
        <sys_updated_by>admin</sys_updated_by>
        <sys_updated_on>2024-10-25 10:21:27</sys_updated_on>
        <sys_user_role display_value="x_1521157_gitdemo.employee_data_user" name="x_1521157_gitdemo.employee_data_user">219490d8c36512103fc8502ed401315f</sys_user_role>
    </sys_security_acl_role>
</record_update>
