<?xml version="1.0" encoding="UTF-8"?><record_update table="sys_user_role">
    <sys_user_role action="INSERT_OR_UPDATE">
        <assignable_by/>
        <can_delegate>true</can_delegate>
        <description/>
        <elevated_privilege>false</elevated_privilege>
        <grantable>true</grantable>
        <includes_roles/>
        <name>x_1521157_gitdemo.user_user</name>
        <scoped_admin>false</scoped_admin>
        <suffix>user_user</suffix>
        <sys_class_name>sys_user_role</sys_class_name>
        <sys_created_by>admin</sys_created_by>
        <sys_created_on>2024-10-28 10:08:31</sys_created_on>
        <sys_id>116eef05c32156103fc8502ed40131cc</sys_id>
        <sys_mod_count>0</sys_mod_count>
        <sys_name>x_1521157_gitdemo.user_user</sys_name>
        <sys_package display_value="GitDemo" source="x_1521157_gitdemo">084c0c10c36512103fc8502ed401318f</sys_package>
        <sys_policy/>
        <sys_scope display_value="GitDemo">084c0c10c36512103fc8502ed401318f</sys_scope>
        <sys_update_name>sys_user_role_116eef05c32156103fc8502ed40131cc</sys_update_name>
        <sys_updated_by>admin</sys_updated_by>
        <sys_updated_on>2024-10-28 10:08:31</sys_updated_on>
    </sys_user_role>
</record_update>
