<?xml version="1.0" encoding="UTF-8"?><record_update>
    <sys_documentation element="last_name" label="Last Name" language="en" table="x_1521157_gitdemo_employee_data">
        <sys_documentation action="INSERT_OR_UPDATE">
            <element>last_name</element>
            <help/>
            <hint/>
            <label>Last Name</label>
            <language>en</language>
            <name>x_1521157_gitdemo_employee_data</name>
            <plural>Last Names</plural>
            <sys_class_name>sys_documentation</sys_class_name>
            <sys_created_by>admin</sys_created_by>
            <sys_created_on>2024-10-25 10:21:28</sys_created_on>
            <sys_mod_count>0</sys_mod_count>
            <sys_name>Last Name</sys_name>
            <sys_package display_value="GitDemo" source="x_1521157_gitdemo">084c0c10c36512103fc8502ed401318f</sys_package>
            <sys_policy/>
            <sys_scope display_value="GitDemo">084c0c10c36512103fc8502ed401318f</sys_scope>
            <sys_update_name>sys_documentation_x_1521157_gitdemo_employee_data_last_name_en</sys_update_name>
            <sys_updated_by>admin</sys_updated_by>
            <sys_updated_on>2024-10-25 10:21:28</sys_updated_on>
            <url/>
            <url_target/>
        </sys_documentation>
    </sys_documentation>
</record_update>
