<?xml version="1.0" encoding="UTF-8"?><record_update table="sys_security_acl">
    <sys_security_acl action="INSERT_OR_UPDATE">
        <active>true</active>
        <admin_overrides>true</admin_overrides>
        <advanced>true</advanced>
        <condition/>
        <description>Default access control on x_1521157_gitdemo_employee_data</description>
        <local_or_existing>Local</local_or_existing>
        <name>x_1521157_gitdemo_employee_data</name>
        <operation display_value="delete">delete</operation>
        <script/>
        <security_attribute/>
        <sys_class_name>sys_security_acl</sys_class_name>
        <sys_created_by>admin</sys_created_by>
        <sys_created_on>2024-10-25 10:21:28</sys_created_on>
        <sys_id>b994581cc36512103fc8502ed401313c</sys_id>
        <sys_mod_count>0</sys_mod_count>
        <sys_name>x_1521157_gitdemo_employee_data</sys_name>
        <sys_package display_value="GitDemo" source="x_1521157_gitdemo">084c0c10c36512103fc8502ed401318f</sys_package>
        <sys_policy/>
        <sys_scope display_value="GitDemo">084c0c10c36512103fc8502ed401318f</sys_scope>
        <sys_update_name>sys_security_acl_b994581cc36512103fc8502ed401313c</sys_update_name>
        <sys_updated_by>admin</sys_updated_by>
        <sys_updated_on>2024-10-25 10:21:28</sys_updated_on>
        <type display_value="record">record</type>
    </sys_security_acl>
</record_update>
