<?xml version="1.0" encoding="UTF-8"?><record_update>
    <sys_documentation element="" label="User" language="en" table="x_1521157_gitdemo_user">
        <sys_documentation action="INSERT_OR_UPDATE">
            <element/>
            <help/>
            <hint/>
            <label>User</label>
            <language>en</language>
            <name>x_1521157_gitdemo_user</name>
            <plural>Users</plural>
            <sys_class_name>sys_documentation</sys_class_name>
            <sys_created_by>admin</sys_created_by>
            <sys_created_on>2024-10-28 10:08:32</sys_created_on>
            <sys_mod_count>0</sys_mod_count>
            <sys_name>User</sys_name>
            <sys_package display_value="GitDemo" source="x_1521157_gitdemo">084c0c10c36512103fc8502ed401318f</sys_package>
            <sys_policy/>
            <sys_scope display_value="GitDemo">084c0c10c36512103fc8502ed401318f</sys_scope>
            <sys_update_name>sys_documentation_x_1521157_gitdemo_user__en</sys_update_name>
            <sys_updated_by>admin</sys_updated_by>
            <sys_updated_on>2024-10-28 10:08:32</sys_updated_on>
            <url/>
            <url_target/>
        </sys_documentation>
    </sys_documentation>
</record_update>
