<?xml version="1.0" encoding="UTF-8"?><record_update sys_domain="global" table="sys_app_application">
    <sys_app_application action="INSERT_OR_UPDATE">
        <active>true</active>
        <category display_value="Custom Applications">e0355b31ef303000a61d5a3615c0fb78</category>
        <description/>
        <device_type>browser</device_type>
        <hint/>
        <name>Employee Data</name>
        <order>100</order>
        <roles>x_1521157_gitdemo.employee_data_user</roles>
        <sys_class_name>sys_app_application</sys_class_name>
        <sys_created_by>admin</sys_created_by>
        <sys_created_on>2024-10-25 10:21:27</sys_created_on>
        <sys_domain>global</sys_domain>
        <sys_domain_path>/</sys_domain_path>
        <sys_id>2d94581cc36512103fc8502ed401310c</sys_id>
        <sys_mod_count>0</sys_mod_count>
        <sys_name>Employee Data</sys_name>
        <sys_overrides/>
        <sys_package display_value="GitDemo" source="x_1521157_gitdemo">084c0c10c36512103fc8502ed401318f</sys_package>
        <sys_policy/>
        <sys_scope display_value="GitDemo">084c0c10c36512103fc8502ed401318f</sys_scope>
        <sys_update_name>sys_app_application_2d94581cc36512103fc8502ed401310c</sys_update_name>
        <sys_updated_by>admin</sys_updated_by>
        <sys_updated_on>2024-10-25 10:21:27</sys_updated_on>
        <title>Employee Data</title>
        <view_name/>
    </sys_app_application>
</record_update>
