<?xml version="1.0" encoding="UTF-8"?><record_update sys_domain="global" table="sys_app_module">
    <sys_app_module action="INSERT_OR_UPDATE">
        <active>true</active>
        <application display_value="Employee Data">2d94581cc36512103fc8502ed401310c</application>
        <assessment/>
        <device_type/>
        <filter/>
        <hint/>
        <homepage/>
        <image/>
        <link_type>LIST</link_type>
        <map_page/>
        <mobile_title>Employee Data</mobile_title>
        <mobile_view_name>Mobile</mobile_view_name>
        <name>x_1521157_gitdemo_employee_data</name>
        <order/>
        <override_menu_roles>false</override_menu_roles>
        <query/>
        <report/>
        <require_confirmation>true</require_confirmation>
        <roles>x_1521157_gitdemo.employee_data_user</roles>
        <sys_class_name>sys_app_module</sys_class_name>
        <sys_created_by>admin</sys_created_by>
        <sys_created_on>2024-10-25 10:21:27</sys_created_on>
        <sys_domain>global</sys_domain>
        <sys_domain_path>/</sys_domain_path>
        <sys_id>2194581cc36512103fc8502ed4013110</sys_id>
        <sys_mod_count>0</sys_mod_count>
        <sys_name>Employee Data</sys_name>
        <sys_overrides/>
        <sys_package display_value="GitDemo" source="x_1521157_gitdemo">084c0c10c36512103fc8502ed401318f</sys_package>
        <sys_policy/>
        <sys_scope display_value="GitDemo">084c0c10c36512103fc8502ed401318f</sys_scope>
        <sys_update_name>sys_app_module_2194581cc36512103fc8502ed4013110</sys_update_name>
        <sys_updated_by>admin</sys_updated_by>
        <sys_updated_on>2024-10-25 10:21:27</sys_updated_on>
        <timeline_page/>
        <title>Employee Data</title>
        <uncancelable>false</uncancelable>
        <view_name/>
        <window_name/>
    </sys_app_module>
</record_update>
