<?xml version="1.0" encoding="UTF-8"?><record_update sys_domain="global" table="sys_ui_application">
    <sys_ui_application action="INSERT_OR_UPDATE">
        <active>true</active>
        <hint/>
        <name>User</name>
        <order/>
        <roles>x_1521157_gitdemo.user_user</roles>
        <sys_class_name>sys_ui_application</sys_class_name>
        <sys_created_by>admin</sys_created_by>
        <sys_created_on>2024-10-28 10:08:32</sys_created_on>
        <sys_domain>global</sys_domain>
        <sys_domain_path>/</sys_domain_path>
        <sys_id>a96e2b45c32156103fc8502ed4013154</sys_id>
        <sys_mod_count>0</sys_mod_count>
        <sys_name>User</sys_name>
        <sys_overrides/>
        <sys_package display_value="GitDemo" source="x_1521157_gitdemo">084c0c10c36512103fc8502ed401318f</sys_package>
        <sys_policy/>
        <sys_scope display_value="GitDemo">084c0c10c36512103fc8502ed401318f</sys_scope>
        <sys_update_name>sys_ui_application_a96e2b45c32156103fc8502ed4013154</sys_update_name>
        <sys_updated_by>admin</sys_updated_by>
        <sys_updated_on>2024-10-28 10:08:32</sys_updated_on>
    </sys_ui_application>
</record_update>
