<?xml version="1.0" encoding="UTF-8"?><record_update table="sys_db_object">
    <sys_db_object action="INSERT_OR_UPDATE">
        <access>public</access>
        <actions_access>false</actions_access>
        <alter_access>false</alter_access>
        <caller_access/>
        <client_scripts_access>false</client_scripts_access>
        <configuration_access>false</configuration_access>
        <create_access>false</create_access>
        <create_access_controls>true</create_access_controls>
        <delete_access>false</delete_access>
        <is_extendable>false</is_extendable>
        <label>User</label>
        <live_feed_enabled>false</live_feed_enabled>
        <name>x_1521157_gitdemo_user</name>
        <number_ref/>
        <provider_class/>
        <read_access>true</read_access>
        <scriptable_table>false</scriptable_table>
        <super_class/>
        <sys_class_name>sys_db_object</sys_class_name>
        <sys_created_by>admin</sys_created_by>
        <sys_created_on>2024-10-28 10:08:31</sys_created_on>
        <sys_id>0f4e6745c32156103fc8502ed40131d2</sys_id>
        <sys_mod_count>0</sys_mod_count>
        <sys_name>User</sys_name>
        <sys_package display_value="GitDemo" source="x_1521157_gitdemo">084c0c10c36512103fc8502ed401318f</sys_package>
        <sys_policy/>
        <sys_scope display_value="GitDemo">084c0c10c36512103fc8502ed401318f</sys_scope>
        <sys_update_name>sys_db_object_0f4e6745c32156103fc8502ed40131d2</sys_update_name>
        <sys_updated_by>admin</sys_updated_by>
        <sys_updated_on>2024-10-28 10:08:31</sys_updated_on>
        <update_access>false</update_access>
        <user_role display_value="x_1521157_gitdemo.user_user" name="x_1521157_gitdemo.user_user">116eef05c32156103fc8502ed40131cc</user_role>
        <ws_access>true</ws_access>
    </sys_db_object>
</record_update>
