<?xml version="1.0" encoding="UTF-8"?><record_update sys_domain="global" table="sys_hub_flow">
    <sys_hub_flow action="INSERT_OR_UPDATE">
        <access>public</access>
        <acls/>
        <active>false</active>
        <annotation/>
        <attributes>browserActivatedIn=chrome,integrationActivatedIn=standalone,labelCacheCleanUpExecuted=true,viewActivatedIn=naturalLanguage</attributes>
        <authored_on_release_version>25000</authored_on_release_version>
        <callable_by_client_api>false</callable_by_client_api>
        <category/>
        <compiler_build/>
        <copied_from/>
        <copied_from_name/>
        <description/>
        <display_name_after_preview/>
        <flow_priority>MEDIUM</flow_priority>
        <generation_source/>
        <internal_name>print__detail</internal_name>
        <label_cache>[]</label_cache>
        <latest_snapshot/>
        <master_snapshot/>
        <name>Print _Detail</name>
        <natlang/>
        <outputs/>
        <pre_compiled>false</pre_compiled>
        <remote_trigger_id/>
        <run_as>user</run_as>
        <run_with_roles/>
        <sc_callable>false</sc_callable>
        <show_draft_actions>false</show_draft_actions>
        <show_triggered_flows>false</show_triggered_flows>
        <status>draft</status>
        <substatus/>
        <sys_class_name>sys_hub_flow</sys_class_name>
        <sys_created_by>admin</sys_created_by>
        <sys_created_on>2024-10-28 06:10:15</sys_created_on>
        <sys_domain>global</sys_domain>
        <sys_domain_path>/</sys_domain_path>
        <sys_id>97d7764dc3e916103fc8502ed401315e</sys_id>
        <sys_mod_count>1</sys_mod_count>
        <sys_name>Print _Detail</sys_name>
        <sys_overrides/>
        <sys_package display_value="GitDemo" source="x_1521157_gitdemo">084c0c10c36512103fc8502ed401318f</sys_package>
        <sys_policy/>
        <sys_scope display_value="GitDemo">084c0c10c36512103fc8502ed401318f</sys_scope>
        <sys_update_name>sys_hub_flow_97d7764dc3e916103fc8502ed401315e</sys_update_name>
        <sys_updated_by>admin</sys_updated_by>
        <sys_updated_on>2024-10-28 06:10:44</sys_updated_on>
        <type>flow</type>
    </sys_hub_flow>
    <sys_translated_text action="delete_multiple" query="documentkey=97d7764dc3e916103fc8502ed401315e"/>
    <sys_variable_value action="delete_multiple" query="document_key=97d7764dc3e916103fc8502ed401315e"/>
    <sys_hub_trigger_instance action="delete_multiple" query="flow=97d7764dc3e916103fc8502ed401315e^sys_idNOT INc6f7b241c32d16103fc8502ed401314b"/>
    <sys_hub_trigger_instance action="INSERT_OR_UPDATE">
        <comment/>
        <display_text/>
        <flow display_value="Print _Detail">97d7764dc3e916103fc8502ed401315e</flow>
        <name>Created</name>
        <remote_sys_id/>
        <sys_created_by>admin</sys_created_by>
        <sys_created_on>2024-10-28 06:10:43</sys_created_on>
        <sys_id>c6f7b241c32d16103fc8502ed401314b</sys_id>
        <sys_mod_count>1</sys_mod_count>
        <sys_scope/>
        <sys_updated_by>admin</sys_updated_by>
        <sys_updated_on>2024-10-28 06:10:43</sys_updated_on>
        <trigger_definition display_value="Created">798916a0c31322002841b63b12d3ae7c</trigger_definition>
        <trigger_inputs/>
        <trigger_outputs/>
        <trigger_type>record_create</trigger_type>
    </sys_hub_trigger_instance>
    <sys_variable_value action="delete_multiple" query="document_key=c6f7b241c32d16103fc8502ed401314b"/>
    <sys_variable_value action="INSERT_OR_UPDATE">
        <document>sys_hub_trigger_instance</document>
        <document_key>c6f7b241c32d16103fc8502ed401314b</document_key>
        <order>100</order>
        <sys_class_name>sys_variable_value</sys_class_name>
        <sys_created_by>admin</sys_created_by>
        <sys_created_on>2024-10-28 06:10:43</sys_created_on>
        <sys_id>0af7b241c32d16103fc8502ed401314c</sys_id>
        <sys_mod_count>0</sys_mod_count>
        <sys_updated_by>admin</sys_updated_by>
        <sys_updated_on>2024-10-28 06:10:43</sys_updated_on>
        <value>^EQ</value>
        <variable display_value="Condition">66aadea0c31322002841b63b12d3aebf</variable>
    </sys_variable_value>
    <sys_variable_value action="INSERT_OR_UPDATE">
        <document>sys_hub_trigger_instance</document>
        <document_key>c6f7b241c32d16103fc8502ed401314b</document_key>
        <order>1</order>
        <sys_class_name>sys_variable_value</sys_class_name>
        <sys_created_by>admin</sys_created_by>
        <sys_created_on>2024-10-28 06:10:44</sys_created_on>
        <sys_id>42f7b241c32d16103fc8502ed401314d</sys_id>
        <sys_mod_count>0</sys_mod_count>
        <sys_updated_by>admin</sys_updated_by>
        <sys_updated_on>2024-10-28 06:10:44</sys_updated_on>
        <value>x_1521157_gitdemo_employee_data</value>
        <variable display_value="Table">cfca92e0c31322002841b63b12d3ae00</variable>
    </sys_variable_value>
    <sys_hub_flow_stage action="delete_multiple" query="flow=97d7764dc3e916103fc8502ed401315e"/>
    <sys_flow_cat_variable_model action="delete_multiple" query="id=97d7764dc3e916103fc8502ed401315e^sys_idNOT INdbd7764dc3e916103fc8502ed4013160"/>
    <sys_flow_cat_variable_model action="INSERT_OR_UPDATE">
        <id>97d7764dc3e916103fc8502ed401315e</id>
        <name>Print _Detail</name>
        <sys_created_by>admin</sys_created_by>
        <sys_created_on>2024-10-28 06:10:15</sys_created_on>
        <sys_id>dbd7764dc3e916103fc8502ed4013160</sys_id>
        <sys_mod_count>0</sys_mod_count>
        <sys_scope/>
        <sys_updated_by>admin</sys_updated_by>
        <sys_updated_on>2024-10-28 06:10:15</sys_updated_on>
    </sys_flow_cat_variable_model>
    <sys_flow_cat_variable action="delete_multiple" query="flow_catalog_model=dbd7764dc3e916103fc8502ed4013160"/>
    <sys_hub_flow_input action="delete_multiple" query="model=97d7764dc3e916103fc8502ed401315e^sys_idNOT IN02f7bacdc3e916103fc8502ed40131ed,82f7b241c32d16103fc8502ed4013146"/>
    <sys_hub_flow_input action="INSERT_OR_UPDATE">
        <active>true</active>
        <array>false</array>
        <array_denormalized>false</array_denormalized>
        <attributes>element_mapping_provider=com.glide.flow_design.action.data.FlowDesignVariableMapper,uiType=document_id,uiTypeLabel=Document ID</attributes>
        <audit>false</audit>
        <calculation><![CDATA[(function calculatedFieldValue(current) {

	// Add your code here
	return '';  // return the calculated value

})(current);]]></calculation>
        <choice/>
        <choice_field/>
        <choice_table/>
        <column_label/>
        <comments/>
        <create_roles/>
        <default_value/>
        <defaultsort/>
        <delete_roles/>
        <dependent>table_name</dependent>
        <dependent_on_field>table_name</dependent_on_field>
        <display>false</display>
        <dynamic_creation>false</dynamic_creation>
        <dynamic_creation_script/>
        <dynamic_default_value/>
        <dynamic_ref_qual/>
        <element>current</element>
        <element_reference>false</element_reference>
        <foreign_database/>
        <formula/>
        <function_definition/>
        <function_field>false</function_field>
        <help/>
        <hint/>
        <internal_type display_value="">document_id</internal_type>
        <label>Record</label>
        <mandatory>true</mandatory>
        <max_length>200</max_length>
        <model display_value="Print _Detail">97d7764dc3e916103fc8502ed401315e</model>
        <model_id>97d7764dc3e916103fc8502ed401315e</model_id>
        <model_table>sys_hub_flow</model_table>
        <name>var__m_sys_hub_flow_input_97d7764dc3e916103fc8502ed401315e</name>
        <next_element/>
        <order>100</order>
        <primary>false</primary>
        <read_only>false</read_only>
        <read_roles/>
        <reference/>
        <reference_cascade_rule/>
        <reference_floats>false</reference_floats>
        <reference_key/>
        <reference_qual/>
        <reference_qual_condition/>
        <reference_type/>
        <sizeclass/>
        <spell_check>false</spell_check>
        <staged>false</staged>
        <sys_class_name>sys_hub_flow_input</sys_class_name>
        <sys_created_by>admin</sys_created_by>
        <sys_created_on>2024-10-28 06:10:43</sys_created_on>
        <sys_id>02f7bacdc3e916103fc8502ed40131ed</sys_id>
        <sys_mod_count>0</sys_mod_count>
        <sys_name/>
        <sys_package/>
        <sys_policy/>
        <sys_scope display_value="GitDemo">084c0c10c36512103fc8502ed401318f</sys_scope>
        <sys_update_name/>
        <sys_updated_by>admin</sys_updated_by>
        <sys_updated_on>2024-10-28 06:10:43</sys_updated_on>
        <table_reference>false</table_reference>
        <text_index>false</text_index>
        <unique>false</unique>
        <use_dependent_field>true</use_dependent_field>
        <use_dynamic_default>false</use_dynamic_default>
        <use_reference_qualifier>simple</use_reference_qualifier>
        <virtual>false</virtual>
        <virtual_type>script</virtual_type>
        <widget/>
        <write_roles/>
        <xml_view>false</xml_view>
    </sys_hub_flow_input>
    <sys_hub_action_input_action_instance action="delete_multiple" query="action_input=02f7bacdc3e916103fc8502ed40131ed"/>
    <sys_hub_flow_input action="INSERT_OR_UPDATE">
        <active>true</active>
        <array>false</array>
        <array_denormalized>false</array_denormalized>
        <attributes>element_mapping_provider=com.glide.flow_design.action.data.FlowDesignVariableMapper,test_input_hidden=true,uiType=table_name,uiTypeLabel=Table Name</attributes>
        <audit>false</audit>
        <calculation><![CDATA[(function calculatedFieldValue(current) {

	// Add your code here
	return '';  // return the calculated value

})(current);]]></calculation>
        <choice/>
        <choice_field/>
        <choice_table/>
        <column_label/>
        <comments/>
        <create_roles/>
        <default_value/>
        <defaultsort/>
        <delete_roles/>
        <dependent/>
        <dependent_on_field/>
        <display>false</display>
        <dynamic_creation>false</dynamic_creation>
        <dynamic_creation_script/>
        <dynamic_default_value/>
        <dynamic_ref_qual/>
        <element>table_name</element>
        <element_reference>false</element_reference>
        <foreign_database/>
        <formula/>
        <function_definition/>
        <function_field>false</function_field>
        <help/>
        <hint/>
        <internal_type display_value="">table_name</internal_type>
        <label>Table Name</label>
        <mandatory>false</mandatory>
        <max_length>200</max_length>
        <model display_value="Print _Detail">97d7764dc3e916103fc8502ed401315e</model>
        <model_id>97d7764dc3e916103fc8502ed401315e</model_id>
        <model_table>sys_hub_flow</model_table>
        <name>var__m_sys_hub_flow_input_97d7764dc3e916103fc8502ed401315e</name>
        <next_element/>
        <order>101</order>
        <primary>false</primary>
        <read_only>false</read_only>
        <read_roles/>
        <reference/>
        <reference_cascade_rule/>
        <reference_floats>false</reference_floats>
        <reference_key/>
        <reference_qual/>
        <reference_qual_condition/>
        <reference_type/>
        <sizeclass/>
        <spell_check>false</spell_check>
        <staged>false</staged>
        <sys_class_name>sys_hub_flow_input</sys_class_name>
        <sys_created_by>admin</sys_created_by>
        <sys_created_on>2024-10-28 06:10:43</sys_created_on>
        <sys_id>82f7b241c32d16103fc8502ed4013146</sys_id>
        <sys_mod_count>0</sys_mod_count>
        <sys_name/>
        <sys_package/>
        <sys_policy/>
        <sys_scope display_value="GitDemo">084c0c10c36512103fc8502ed401318f</sys_scope>
        <sys_update_name/>
        <sys_updated_by>admin</sys_updated_by>
        <sys_updated_on>2024-10-28 06:10:43</sys_updated_on>
        <table_reference>false</table_reference>
        <text_index>false</text_index>
        <unique>false</unique>
        <use_dependent_field>false</use_dependent_field>
        <use_dynamic_default>false</use_dynamic_default>
        <use_reference_qualifier>simple</use_reference_qualifier>
        <virtual>false</virtual>
        <virtual_type>script</virtual_type>
        <widget/>
        <write_roles/>
        <xml_view>false</xml_view>
    </sys_hub_flow_input>
    <sys_hub_action_input_action_instance action="delete_multiple" query="action_input=82f7b241c32d16103fc8502ed4013146"/>
    <sys_hub_flow_output action="delete_multiple" query="model=97d7764dc3e916103fc8502ed401315e"/>
    <sys_hub_alias_mapping action="delete_multiple" query="source_id=97d7764dc3e916103fc8502ed401315e"/>
    <sys_hub_action_instance action="delete_multiple" query="flow=97d7764dc3e916103fc8502ed401315e"/>
    <sys_hub_sub_flow_instance action="delete_multiple" query="flow=97d7764dc3e916103fc8502ed401315e"/>
    <sys_hub_flow_logic action="delete_multiple" query="flow=97d7764dc3e916103fc8502ed401315e"/>
    <sys_hub_pill_compound action="delete_multiple" query="attached_to=97d7764dc3e916103fc8502ed401315e"/>
    <sys_hub_flow_variable action="delete_multiple" query="model=97d7764dc3e916103fc8502ed401315e"/>
    <sys_documentation action="delete_multiple" query="name=var__m_sys_hub_flow_input_97d7764dc3e916103fc8502ed401315e^sys_idNOT IN0ef7b241c32d16103fc8502ed4013144,86f7b241c32d16103fc8502ed4013148"/>
    <sys_documentation action="INSERT_OR_UPDATE">
        <element>current</element>
        <help/>
        <hint/>
        <label>Record</label>
        <language>en</language>
        <name>var__m_sys_hub_flow_input_97d7764dc3e916103fc8502ed401315e</name>
        <plural/>
        <sys_class_name>sys_documentation</sys_class_name>
        <sys_created_by>admin</sys_created_by>
        <sys_created_on>2024-10-28 06:10:43</sys_created_on>
        <sys_id>0ef7b241c32d16103fc8502ed4013144</sys_id>
        <sys_mod_count>0</sys_mod_count>
        <sys_name/>
        <sys_package display_value="GitDemo" source="x_1521157_gitdemo">084c0c10c36512103fc8502ed401318f</sys_package>
        <sys_policy/>
        <sys_scope display_value="GitDemo">084c0c10c36512103fc8502ed401318f</sys_scope>
        <sys_update_name/>
        <sys_updated_by>admin</sys_updated_by>
        <sys_updated_on>2024-10-28 06:10:43</sys_updated_on>
        <url/>
        <url_target/>
    </sys_documentation>
    <sys_documentation action="INSERT_OR_UPDATE">
        <element>table_name</element>
        <help/>
        <hint/>
        <label>Table Name</label>
        <language>en</language>
        <name>var__m_sys_hub_flow_input_97d7764dc3e916103fc8502ed401315e</name>
        <plural/>
        <sys_class_name>sys_documentation</sys_class_name>
        <sys_created_by>admin</sys_created_by>
        <sys_created_on>2024-10-28 06:10:43</sys_created_on>
        <sys_id>86f7b241c32d16103fc8502ed4013148</sys_id>
        <sys_mod_count>0</sys_mod_count>
        <sys_name/>
        <sys_package display_value="GitDemo" source="x_1521157_gitdemo">084c0c10c36512103fc8502ed401318f</sys_package>
        <sys_policy/>
        <sys_scope display_value="GitDemo">084c0c10c36512103fc8502ed401318f</sys_scope>
        <sys_update_name/>
        <sys_updated_by>admin</sys_updated_by>
        <sys_updated_on>2024-10-28 06:10:43</sys_updated_on>
        <url/>
        <url_target/>
    </sys_documentation>
    <sys_choice action="delete_multiple" query="name=var__m_sys_hub_flow_input_97d7764dc3e916103fc8502ed401315e"/>
    <sys_documentation action="delete_multiple" query="name=var__m_sys_hub_flow_output_97d7764dc3e916103fc8502ed401315e"/>
    <sys_choice action="delete_multiple" query="name=var__m_sys_hub_flow_output_97d7764dc3e916103fc8502ed401315e"/>
    <sys_flow_trigger_plan action="delete_multiple" query="plan_id=97d7764dc3e916103fc8502ed401315e"/>
    <sys_flow_subflow_plan action="delete_multiple" query="plan_id=97d7764dc3e916103fc8502ed401315e"/>
</record_update>
