<?xml version="1.0" encoding="UTF-8"?><record_update table="sys_properties">
    <sys_properties action="INSERT_OR_UPDATE">
        <choices/>
        <description>Enable MariaDB INSTANT ALTER algorithms on the Now Platform</description>
        <ignore_cache>true</ignore_cache>
        <is_private>false</is_private>
        <name>glide.db.instant_alter.enabled</name>
        <read_roles/>
        <suffix/>
        <sys_class_name>sys_properties</sys_class_name>
        <sys_created_by>admin</sys_created_by>
        <sys_created_on>2024-10-26 08:00:01</sys_created_on>
        <sys_id>a3cd3ce0c32d52103fc8502ed401316a</sys_id>
        <sys_mod_count>0</sys_mod_count>
        <sys_name>glide.db.instant_alter.enabled</sys_name>
        <sys_package display_value="GitDemo" source="x_1521157_gitdemo">084c0c10c36512103fc8502ed401318f</sys_package>
        <sys_policy/>
        <sys_scope display_value="GitDemo">084c0c10c36512103fc8502ed401318f</sys_scope>
        <sys_update_name>sys_properties_a3cd3ce0c32d52103fc8502ed401316a</sys_update_name>
        <sys_updated_by>admin</sys_updated_by>
        <sys_updated_on>2024-10-26 08:00:01</sys_updated_on>
        <type>boolean</type>
        <value>true</value>
        <write_roles/>
    </sys_properties>
    <sys_translated_text action="delete_multiple" query="documentkey=a3cd3ce0c32d52103fc8502ed401316a"/>
</record_update>
