<?xml version="1.0" encoding="UTF-8"?><record_update sys_domain="global" table="sys_hub_action_type_definition">
    <sys_hub_action_type_definition action="INSERT_OR_UPDATE">
        <access>public</access>
        <acls/>
        <action_status/>
        <action_template/>
        <active>true</active>
        <annotation/>
        <attributes>{labelCacheCleanUpExecuted=true}</attributes>
        <authored_on_release_version>25000</authored_on_release_version>
        <callable_by_client_api>false</callable_by_client_api>
        <category display_value="">{}</category>
        <compiler_build/>
        <copied_from/>
        <copied_from_name/>
        <description/>
        <flow_priority/>
        <ih_action>false</ih_action>
        <internal_name>monitor_action</internal_name>
        <label_cache>[{"name":"{{action.first_name}}","label":"action➛First Name","type":"action","ref":"","reference_display":"","base_type":"string","parent_table_name":"","column_name":"","choices":null,"attributes":{}}]</label_cache>
        <latest_snapshot/>
        <master_snapshot/>
        <name>monitor_action</name>
        <natlang/>
        <outputs/>
        <pre_compiled>false</pre_compiled>
        <state>draft</state>
        <sys_class_name>sys_hub_action_type_definition</sys_class_name>
        <sys_created_by>admin</sys_created_by>
        <sys_created_on>2024-10-28 06:11:40</sys_created_on>
        <sys_domain>global</sys_domain>
        <sys_domain_path>/</sys_domain_path>
        <sys_id>8c383e01c32d16103fc8502ed40131a4</sys_id>
        <sys_mod_count>4</sys_mod_count>
        <sys_name>monitor_action</sys_name>
        <sys_overrides/>
        <sys_package display_value="GitDemo" source="x_1521157_gitdemo">084c0c10c36512103fc8502ed401318f</sys_package>
        <sys_policy/>
        <sys_scope display_value="GitDemo">084c0c10c36512103fc8502ed401318f</sys_scope>
        <sys_update_name>sys_hub_action_type_definition_8c383e01c32d16103fc8502ed40131a4</sys_update_name>
        <sys_updated_by>admin</sys_updated_by>
        <sys_updated_on>2024-10-28 06:16:03</sys_updated_on>
        <system_level>false</system_level>
        <type/>
    </sys_hub_action_type_definition>
    <sys_translated_text action="delete_multiple" query="documentkey=8c383e01c32d16103fc8502ed40131a4"/>
    <sys_variable_value action="delete_multiple" query="document_key=8c383e01c32d16103fc8502ed40131a4"/>
    <sys_variable_value action="INSERT_OR_UPDATE">
        <document>sys_hub_action_type_definition</document>
        <document_key>8c383e01c32d16103fc8502ed40131a4</document_key>
        <order>1</order>
        <sys_class_name>sys_variable_value</sys_class_name>
        <sys_created_by>admin</sys_created_by>
        <sys_created_on>2024-10-28 06:13:25</sys_created_on>
        <sys_id>25983281c32d16103fc8502ed4013122</sys_id>
        <sys_mod_count>0</sys_mod_count>
        <sys_updated_by>admin</sys_updated_by>
        <sys_updated_on>2024-10-28 06:13:25</sys_updated_on>
        <value>{"complexObject":{"code":{"$cv":{"$c":"java.lang.String","$v":""}},"message":{"$cv":{"$c":"java.lang.String","$v":""}}},"version":"1.0","complexObjectSchema":{"FlowDesigner:FDACTIONSTATUS":{"code":"Integer","code.$field_facets":{"SimpleMapFacet":"{\"uiTypeLabel\":\"Integer\",\"read_only\":\"false\",\"hint\":\"\",\"uiType\":\"integer\",\"default_value\":\"\",\"label\":\"Code\",\"action_error_output\":\"true\",\"mandatory\":\"false\",\"order\":\"1\",\"max_length\":\"40\"}"},"message":"String","message.$field_facets":{"SimpleMapFacet":"{\"uiTypeLabel\":\"String\",\"read_only\":\"false\",\"hint\":\"\",\"uiType\":\"string\",\"default_value\":\"\",\"label\":\"Message\",\"action_error_output\":\"true\",\"mandatory\":\"false\",\"order\":\"2\",\"max_length\":\"4000\"}"}},"FlowDesigner:FDACTIONSTATUS.$type_facets":{"SimpleMapFacet":"{\"default_value\":\"\",\"label\":\"Action Status\",\"action_error_output\":\"true\",\"mandatory\":\"false\",\"uiUniqueId\":\"4adfb7bc-9d67-498d-88d0-8d6c3d584fed\",\"uiTypeLabel\":\"Object\",\"co_type_name\":\"FDACTIONSTATUS\",\"element_mapping_provider\":\"com.glide.flow_design.action.data.FlowDesignVariableMapper\",\"read_only\":\"false\",\"hint\":null,\"uiType\":\"object\",\"order\":\"1\",\"max_length\":\"65000\"}"}},"serializationFormat":"JSON"}</value>
        <variable display_value="Action Status">e5983281c32d16103fc8502ed4013114</variable>
    </sys_variable_value>
    <sys_variable_value action="INSERT_OR_UPDATE">
        <document>sys_hub_action_type_definition</document>
        <document_key>8c383e01c32d16103fc8502ed40131a4</document_key>
        <order>2</order>
        <sys_class_name>sys_variable_value</sys_class_name>
        <sys_created_by>admin</sys_created_by>
        <sys_created_on>2024-10-28 06:13:25</sys_created_on>
        <sys_id>61983281c32d16103fc8502ed4013122</sys_id>
        <sys_mod_count>0</sys_mod_count>
        <sys_updated_by>admin</sys_updated_by>
        <sys_updated_on>2024-10-28 06:13:25</sys_updated_on>
        <value>0</value>
        <variable display_value="Don't Treat as Error">e9983281c32d16103fc8502ed4013119</variable>
    </sys_variable_value>
    <sys_element_mapping action="delete_multiple" query="table=var__m_sys_hub_action_output_8c383e01c32d16103fc8502ed40131a4^id=8c383e01c32d16103fc8502ed40131a4"/>
    <sys_hub_step_instance action="delete_multiple" query="action=8c383e01c32d16103fc8502ed40131a4^sys_idNOT INc4393e81c32d16103fc8502ed4013197"/>
    <sys_hub_step_instance action="INSERT_OR_UPDATE">
        <action display_value="monitor_action">8c383e01c32d16103fc8502ed40131a4</action>
        <cid>58906ff0-898c-4cf3-bab8-1f63966962b9</cid>
        <error_handling_type>1</error_handling_type>
        <extended_inputs/>
        <extended_outputs/>
        <icon/>
        <inputs/>
        <label>Script step</label>
        <order>1</order>
        <outputs/>
        <section/>
        <step_type display_value="Script">106afb6647032200b4fad7527c9a71e7</step_type>
        <sys_created_by>admin</sys_created_by>
        <sys_created_on>2024-10-28 06:16:02</sys_created_on>
        <sys_id>c4393e81c32d16103fc8502ed4013197</sys_id>
        <sys_mod_count>1</sys_mod_count>
        <sys_scope display_value="GitDemo">084c0c10c36512103fc8502ed401318f</sys_scope>
        <sys_updated_by>admin</sys_updated_by>
        <sys_updated_on>2024-10-28 06:16:03</sys_updated_on>
    </sys_hub_step_instance>
    <sys_variable_value action="delete_multiple" query="document_key=c4393e81c32d16103fc8502ed4013197"/>
    <sys_variable_value action="INSERT_OR_UPDATE">
        <document>sys_hub_step_instance</document>
        <document_key>c4393e81c32d16103fc8502ed4013197</document_key>
        <order>600</order>
        <sys_class_name>sys_variable_value</sys_class_name>
        <sys_created_by>admin</sys_created_by>
        <sys_created_on>2024-10-28 06:16:03</sys_created_on>
        <sys_id>4c393e81c32d16103fc8502ed401319f</sys_id>
        <sys_mod_count>0</sys_mod_count>
        <sys_updated_by>admin</sys_updated_by>
        <sys_updated_on>2024-10-28 06:16:03</sys_updated_on>
        <value>(function execute(inputs, outputs) {&#13;
gs.debug("Hello")&#13;
})(inputs, outputs);&#13;
</value>
        <variable display_value="Script">71aa7f6647032200b4fad7527c9a719b</variable>
    </sys_variable_value>
    <sys_variable_value action="INSERT_OR_UPDATE">
        <document>sys_hub_step_instance</document>
        <document_key>c4393e81c32d16103fc8502ed4013197</document_key>
        <order>400</order>
        <sys_class_name>sys_variable_value</sys_class_name>
        <sys_created_by>admin</sys_created_by>
        <sys_created_on>2024-10-28 06:16:03</sys_created_on>
        <sys_id>88393e81c32d16103fc8502ed401319f</sys_id>
        <sys_mod_count>0</sys_mod_count>
        <sys_updated_by>admin</sys_updated_by>
        <sys_updated_on>2024-10-28 06:16:03</sys_updated_on>
        <value>35aa573fd7802200bdbaee5b5e610375</value>
        <variable display_value="MID Application">f5e56d79b3101300176b051a16a8dce4</variable>
    </sys_variable_value>
    <sys_element_mapping action="delete_multiple" query="table=var__m_sys_flow_step_definition_input_106afb6647032200b4fad7527c9a71e7^id=c4393e81c32d16103fc8502ed4013197"/>
    <sys_translated_text action="delete_multiple" query="documentkey=c4393e81c32d16103fc8502ed4013197"/>
    <sys_hub_step_ext_input action="delete_multiple" query="model=c4393e81c32d16103fc8502ed4013197"/>
    <sys_hub_step_ext_output action="delete_multiple" query="model=c4393e81c32d16103fc8502ed4013197"/>
    <sys_hub_input_scripts action="delete_multiple" query="instance=c4393e81c32d16103fc8502ed4013197"/>
    <sys_documentation action="delete_multiple" query="name=var__m_sys_hub_step_ext_output_c4393e81c32d16103fc8502ed4013197"/>
    <sys_hub_action_input action="delete_multiple" query="model=8c383e01c32d16103fc8502ed40131a4^sys_idNOT IN04393e81c32d16103fc8502ed4013191"/>
    <sys_hub_action_input action="INSERT_OR_UPDATE">
        <active>true</active>
        <array>false</array>
        <array_denormalized>false</array_denormalized>
        <attributes>element_mapping_provider=com.glide.flow_design.action.data.FlowDesignVariableMapper,uiType=string,uiTypeLabel=String,uiUniqueId=db872d7e-614b-40b7-b291-da1d8012130b</attributes>
        <audit>false</audit>
        <calculation><![CDATA[(function calculatedFieldValue(current) {

	// Add your code here
	return '';  // return the calculated value

})(current);]]></calculation>
        <choice/>
        <choice_field/>
        <choice_table/>
        <column_label/>
        <comments/>
        <create_roles/>
        <default_value/>
        <defaultsort/>
        <delete_roles/>
        <dependent/>
        <dependent_on_field/>
        <display>false</display>
        <dynamic_creation>false</dynamic_creation>
        <dynamic_creation_script/>
        <dynamic_default_value/>
        <dynamic_ref_qual/>
        <element>first_name</element>
        <element_reference>false</element_reference>
        <foreign_database/>
        <formula/>
        <function_definition/>
        <function_field>false</function_field>
        <help/>
        <hint/>
        <internal_type display_value="String">string</internal_type>
        <label>First Name</label>
        <mandatory>true</mandatory>
        <max_length>8000</max_length>
        <model display_value="monitor_action">8c383e01c32d16103fc8502ed40131a4</model>
        <model_id>8c383e01c32d16103fc8502ed40131a4</model_id>
        <model_table>sys_hub_action_type_definition</model_table>
        <name>var__m_sys_hub_action_input_8c383e01c32d16103fc8502ed40131a4</name>
        <next_element/>
        <order>1</order>
        <primary>false</primary>
        <read_only>false</read_only>
        <read_roles/>
        <reference/>
        <reference_cascade_rule/>
        <reference_floats>false</reference_floats>
        <reference_key/>
        <reference_qual/>
        <reference_qual_condition/>
        <reference_type/>
        <sizeclass/>
        <spell_check>false</spell_check>
        <staged>false</staged>
        <sys_class_name>sys_hub_action_input</sys_class_name>
        <sys_created_by>admin</sys_created_by>
        <sys_created_on>2024-10-28 06:16:02</sys_created_on>
        <sys_id>04393e81c32d16103fc8502ed4013191</sys_id>
        <sys_mod_count>0</sys_mod_count>
        <sys_name/>
        <sys_package/>
        <sys_policy/>
        <sys_scope display_value="GitDemo">084c0c10c36512103fc8502ed401318f</sys_scope>
        <sys_update_name/>
        <sys_updated_by>admin</sys_updated_by>
        <sys_updated_on>2024-10-28 06:16:02</sys_updated_on>
        <table_reference>false</table_reference>
        <text_index>false</text_index>
        <unique>false</unique>
        <use_dependent_field>false</use_dependent_field>
        <use_dynamic_default>false</use_dynamic_default>
        <use_reference_qualifier>simple</use_reference_qualifier>
        <virtual>false</virtual>
        <virtual_type>script</virtual_type>
        <widget/>
        <write_roles/>
        <xml_view>false</xml_view>
    </sys_hub_action_input>
    <sys_hub_action_input_action_instance action="delete_multiple" query="action_input=04393e81c32d16103fc8502ed4013191"/>
    <sys_hub_action_output action="delete_multiple" query="model=8c383e01c32d16103fc8502ed40131a4^sys_idNOT IN84393e81c32d16103fc8502ed40131be,c8393e81c32d16103fc8502ed40131b6,e5983281c32d16103fc8502ed4013114,e9983281c32d16103fc8502ed4013119"/>
    <sys_hub_action_output action="INSERT_OR_UPDATE">
        <active>true</active>
        <array>false</array>
        <array_denormalized>false</array_denormalized>
        <attributes>element_mapping_provider=com.glide.flow_design.action.data.FlowDesignVariableMapper,uiType=string,uiTypeLabel=String,uiUniqueId=54d1f1d6-7a23-4582-a7a5-f4c0ca804d13</attributes>
        <audit>false</audit>
        <calculation><![CDATA[(function calculatedFieldValue(current) {

	// Add your code here
	return '';  // return the calculated value

})(current);]]></calculation>
        <choice/>
        <choice_field/>
        <choice_table/>
        <column_label/>
        <comments/>
        <create_roles/>
        <default_value/>
        <defaultsort/>
        <delete_roles/>
        <dependent/>
        <dependent_on_field/>
        <display>false</display>
        <dynamic_creation>false</dynamic_creation>
        <dynamic_creation_script/>
        <dynamic_default_value/>
        <dynamic_ref_qual/>
        <element>variable1</element>
        <element_prototype/>
        <element_reference>false</element_reference>
        <foreign_database/>
        <formula/>
        <function_definition/>
        <function_field>false</function_field>
        <help/>
        <hint/>
        <internal_link/>
        <internal_type display_value="String">string</internal_type>
        <label>variable1</label>
        <mandatory>false</mandatory>
        <max_length>8000</max_length>
        <model display_value="monitor_action">8c383e01c32d16103fc8502ed40131a4</model>
        <model_id>8c383e01c32d16103fc8502ed40131a4</model_id>
        <model_table>sys_hub_action_type_definition</model_table>
        <name>var__m_sys_hub_action_output_8c383e01c32d16103fc8502ed40131a4</name>
        <next_element/>
        <order>3</order>
        <primary>false</primary>
        <read_only>false</read_only>
        <read_roles/>
        <reference/>
        <reference_cascade_rule/>
        <reference_floats>false</reference_floats>
        <reference_key/>
        <reference_qual/>
        <reference_qual_condition/>
        <reference_type/>
        <sizeclass/>
        <spell_check>false</spell_check>
        <staged>false</staged>
        <sys_class_name>sys_hub_action_output</sys_class_name>
        <sys_created_by>admin</sys_created_by>
        <sys_created_on>2024-10-28 06:16:03</sys_created_on>
        <sys_id>84393e81c32d16103fc8502ed40131be</sys_id>
        <sys_mod_count>0</sys_mod_count>
        <sys_name/>
        <sys_package/>
        <sys_policy/>
        <sys_scope display_value="GitDemo">084c0c10c36512103fc8502ed401318f</sys_scope>
        <sys_update_name/>
        <sys_updated_by>admin</sys_updated_by>
        <sys_updated_on>2024-10-28 06:16:03</sys_updated_on>
        <table_reference>false</table_reference>
        <text_index>false</text_index>
        <unique>false</unique>
        <use_dependent_field>false</use_dependent_field>
        <use_dynamic_default>false</use_dynamic_default>
        <use_reference_qualifier>simple</use_reference_qualifier>
        <virtual>false</virtual>
        <virtual_type>script</virtual_type>
        <widget/>
        <write_roles/>
        <xml_view>false</xml_view>
    </sys_hub_action_output>
    <sys_hub_action_input_action_instance action="delete_multiple" query="action_input=84393e81c32d16103fc8502ed40131be"/>
    <sys_hub_input_scripts action="delete_multiple" query="instance=84393e81c32d16103fc8502ed40131be"/>
    <sys_hub_action_output action="INSERT_OR_UPDATE">
        <active>true</active>
        <array>false</array>
        <array_denormalized>false</array_denormalized>
        <attributes>element_mapping_provider=com.glide.flow_design.action.data.FlowDesignVariableMapper,uiType=string,uiTypeLabel=String,uiUniqueId=89f4b247-a88b-4e17-82e6-acd366dcc04f</attributes>
        <audit>false</audit>
        <calculation><![CDATA[(function calculatedFieldValue(current) {

	// Add your code here
	return '';  // return the calculated value

})(current);]]></calculation>
        <choice/>
        <choice_field/>
        <choice_table/>
        <column_label/>
        <comments/>
        <create_roles/>
        <default_value/>
        <defaultsort/>
        <delete_roles/>
        <dependent/>
        <dependent_on_field/>
        <display>false</display>
        <dynamic_creation>false</dynamic_creation>
        <dynamic_creation_script/>
        <dynamic_default_value/>
        <dynamic_ref_qual/>
        <element>variable</element>
        <element_prototype/>
        <element_reference>false</element_reference>
        <foreign_database/>
        <formula/>
        <function_definition/>
        <function_field>false</function_field>
        <help/>
        <hint/>
        <internal_link/>
        <internal_type display_value="String">string</internal_type>
        <label>variable</label>
        <mandatory>false</mandatory>
        <max_length>8000</max_length>
        <model display_value="monitor_action">8c383e01c32d16103fc8502ed40131a4</model>
        <model_id>8c383e01c32d16103fc8502ed40131a4</model_id>
        <model_table>sys_hub_action_type_definition</model_table>
        <name>var__m_sys_hub_action_output_8c383e01c32d16103fc8502ed40131a4</name>
        <next_element/>
        <order>1</order>
        <primary>false</primary>
        <read_only>false</read_only>
        <read_roles/>
        <reference/>
        <reference_cascade_rule/>
        <reference_floats>false</reference_floats>
        <reference_key/>
        <reference_qual/>
        <reference_qual_condition/>
        <reference_type/>
        <sizeclass/>
        <spell_check>false</spell_check>
        <staged>false</staged>
        <sys_class_name>sys_hub_action_output</sys_class_name>
        <sys_created_by>admin</sys_created_by>
        <sys_created_on>2024-10-28 06:16:03</sys_created_on>
        <sys_id>c8393e81c32d16103fc8502ed40131b6</sys_id>
        <sys_mod_count>0</sys_mod_count>
        <sys_name/>
        <sys_package/>
        <sys_policy/>
        <sys_scope display_value="GitDemo">084c0c10c36512103fc8502ed401318f</sys_scope>
        <sys_update_name/>
        <sys_updated_by>admin</sys_updated_by>
        <sys_updated_on>2024-10-28 06:16:03</sys_updated_on>
        <table_reference>false</table_reference>
        <text_index>false</text_index>
        <unique>false</unique>
        <use_dependent_field>false</use_dependent_field>
        <use_dynamic_default>false</use_dynamic_default>
        <use_reference_qualifier>simple</use_reference_qualifier>
        <virtual>false</virtual>
        <virtual_type>script</virtual_type>
        <widget/>
        <write_roles/>
        <xml_view>false</xml_view>
    </sys_hub_action_output>
    <sys_hub_action_input_action_instance action="delete_multiple" query="action_input=c8393e81c32d16103fc8502ed40131b6"/>
    <sys_hub_input_scripts action="delete_multiple" query="instance=c8393e81c32d16103fc8502ed40131b6"/>
    <sys_hub_action_output action="INSERT_OR_UPDATE">
        <active>true</active>
        <array>false</array>
        <array_denormalized>false</array_denormalized>
        <attributes>action_error_output=true,co_type_name=FDACTIONSTATUS,element_mapping_provider=com.glide.flow_design.action.data.FlowDesignVariableMapper,uiType=object,uiTypeLabel=Object,uiUniqueId=476647fc-6a47-4201-bd75-7c3fecc06944</attributes>
        <audit>false</audit>
        <calculation><![CDATA[(function calculatedFieldValue(current) {

	// Add your code here
	return '';  // return the calculated value

})(current);]]></calculation>
        <choice/>
        <choice_field/>
        <choice_table/>
        <column_label/>
        <comments/>
        <create_roles/>
        <default_value/>
        <defaultsort/>
        <delete_roles/>
        <dependent/>
        <dependent_on_field/>
        <display>false</display>
        <dynamic_creation>false</dynamic_creation>
        <dynamic_creation_script/>
        <dynamic_default_value/>
        <dynamic_ref_qual/>
        <element>__action_status__</element>
        <element_prototype/>
        <element_reference>false</element_reference>
        <foreign_database/>
        <formula/>
        <function_definition/>
        <function_field>false</function_field>
        <help/>
        <hint/>
        <internal_link/>
        <internal_type display_value="String">string</internal_type>
        <label>Action Status</label>
        <mandatory>false</mandatory>
        <max_length>65000</max_length>
        <model display_value="monitor_action">8c383e01c32d16103fc8502ed40131a4</model>
        <model_id>8c383e01c32d16103fc8502ed40131a4</model_id>
        <model_table>sys_hub_action_type_definition</model_table>
        <name>var__m_sys_hub_action_output_8c383e01c32d16103fc8502ed40131a4</name>
        <next_element/>
        <order>2</order>
        <primary>false</primary>
        <read_only>false</read_only>
        <read_roles/>
        <reference/>
        <reference_cascade_rule/>
        <reference_floats>false</reference_floats>
        <reference_key/>
        <reference_qual/>
        <reference_qual_condition/>
        <reference_type/>
        <sizeclass/>
        <spell_check>false</spell_check>
        <staged>false</staged>
        <sys_class_name>sys_hub_action_output</sys_class_name>
        <sys_created_by>admin</sys_created_by>
        <sys_created_on>2024-10-28 06:13:24</sys_created_on>
        <sys_id>e5983281c32d16103fc8502ed4013114</sys_id>
        <sys_mod_count>1</sys_mod_count>
        <sys_name/>
        <sys_package/>
        <sys_policy/>
        <sys_scope display_value="GitDemo">084c0c10c36512103fc8502ed401318f</sys_scope>
        <sys_update_name/>
        <sys_updated_by>admin</sys_updated_by>
        <sys_updated_on>2024-10-28 06:16:03</sys_updated_on>
        <table_reference>false</table_reference>
        <text_index>false</text_index>
        <unique>false</unique>
        <use_dependent_field>false</use_dependent_field>
        <use_dynamic_default>false</use_dynamic_default>
        <use_reference_qualifier>simple</use_reference_qualifier>
        <virtual>false</virtual>
        <virtual_type>script</virtual_type>
        <widget/>
        <write_roles/>
        <xml_view>false</xml_view>
    </sys_hub_action_output>
    <sys_hub_action_input_action_instance action="delete_multiple" query="action_input=e5983281c32d16103fc8502ed4013114"/>
    <sys_hub_input_scripts action="delete_multiple" query="instance=e5983281c32d16103fc8502ed4013114"/>
    <sys_hub_action_output action="INSERT_OR_UPDATE">
        <active>true</active>
        <array>false</array>
        <array_denormalized>false</array_denormalized>
        <attributes>action_error_output=true,element_mapping_provider=com.glide.flow_design.action.data.FlowDesignVariableMapper,uiType=boolean,uiTypeLabel=True/False,uiUniqueId=ea1f91b5-1e18-4890-b97a-ddf110ce220a,visible_in_ui=false</attributes>
        <audit>false</audit>
        <calculation><![CDATA[(function calculatedFieldValue(current) {

	// Add your code here
	return '';  // return the calculated value

})(current);]]></calculation>
        <choice/>
        <choice_field/>
        <choice_table/>
        <column_label/>
        <comments/>
        <create_roles/>
        <default_value>true</default_value>
        <defaultsort/>
        <delete_roles/>
        <dependent/>
        <dependent_on_field/>
        <display>false</display>
        <dynamic_creation>false</dynamic_creation>
        <dynamic_creation_script/>
        <dynamic_default_value/>
        <dynamic_ref_qual/>
        <element>__dont_treat_as_error__</element>
        <element_prototype/>
        <element_reference>false</element_reference>
        <foreign_database/>
        <formula/>
        <function_definition/>
        <function_field>false</function_field>
        <help/>
        <hint/>
        <internal_link/>
        <internal_type display_value="">boolean</internal_type>
        <label>Don't Treat as Error</label>
        <mandatory>false</mandatory>
        <max_length>40</max_length>
        <model display_value="monitor_action">8c383e01c32d16103fc8502ed40131a4</model>
        <model_id>8c383e01c32d16103fc8502ed40131a4</model_id>
        <model_table>sys_hub_action_type_definition</model_table>
        <name>var__m_sys_hub_action_output_8c383e01c32d16103fc8502ed40131a4</name>
        <next_element/>
        <order>4</order>
        <primary>false</primary>
        <read_only>false</read_only>
        <read_roles/>
        <reference/>
        <reference_cascade_rule/>
        <reference_floats>false</reference_floats>
        <reference_key/>
        <reference_qual/>
        <reference_qual_condition/>
        <reference_type/>
        <sizeclass/>
        <spell_check>false</spell_check>
        <staged>false</staged>
        <sys_class_name>sys_hub_action_output</sys_class_name>
        <sys_created_by>admin</sys_created_by>
        <sys_created_on>2024-10-28 06:13:25</sys_created_on>
        <sys_id>e9983281c32d16103fc8502ed4013119</sys_id>
        <sys_mod_count>3</sys_mod_count>
        <sys_name/>
        <sys_package/>
        <sys_policy/>
        <sys_scope display_value="GitDemo">084c0c10c36512103fc8502ed401318f</sys_scope>
        <sys_update_name/>
        <sys_updated_by>admin</sys_updated_by>
        <sys_updated_on>2024-10-28 06:16:03</sys_updated_on>
        <table_reference>false</table_reference>
        <text_index>false</text_index>
        <unique>false</unique>
        <use_dependent_field>false</use_dependent_field>
        <use_dynamic_default>false</use_dynamic_default>
        <use_reference_qualifier>simple</use_reference_qualifier>
        <virtual>false</virtual>
        <virtual_type>script</virtual_type>
        <widget/>
        <write_roles/>
        <xml_view>false</xml_view>
    </sys_hub_action_output>
    <sys_hub_action_input_action_instance action="delete_multiple" query="action_input=e9983281c32d16103fc8502ed4013119"/>
    <sys_hub_input_scripts action="delete_multiple" query="instance=e9983281c32d16103fc8502ed4013119"/>
    <sys_hub_pill_compound action="delete_multiple" query="attached_to=8c383e01c32d16103fc8502ed40131a4"/>
    <sys_hub_action_status_metadata action="delete_multiple" query="action_type_id=8c383e01c32d16103fc8502ed40131a4^sys_idNOT INed983281c32d16103fc8502ed4013123"/>
    <sys_hub_action_status_metadata action="INSERT_OR_UPDATE">
        <action_type_id display_value="monitor_action">8c383e01c32d16103fc8502ed40131a4</action_type_id>
        <sys_created_by>admin</sys_created_by>
        <sys_created_on>2024-10-28 06:13:25</sys_created_on>
        <sys_id>ed983281c32d16103fc8502ed4013123</sys_id>
        <sys_mod_count>0</sys_mod_count>
        <sys_updated_by>admin</sys_updated_by>
        <sys_updated_on>2024-10-28 06:13:25</sys_updated_on>
    </sys_hub_action_status_metadata>
    <sys_hub_status_condition action="delete_multiple" query="action_status_metadata_id=ed983281c32d16103fc8502ed4013123"/>
    <sys_documentation action="delete_multiple" query="name=var__m_sys_hub_action_input_8c383e01c32d16103fc8502ed40131a4^sys_idNOT INc4393e81c32d16103fc8502ed4013195"/>
    <sys_documentation action="INSERT_OR_UPDATE">
        <element>first_name</element>
        <help/>
        <hint/>
        <label>First Name</label>
        <language>en</language>
        <name>var__m_sys_hub_action_input_8c383e01c32d16103fc8502ed40131a4</name>
        <plural/>
        <sys_class_name>sys_documentation</sys_class_name>
        <sys_created_by>admin</sys_created_by>
        <sys_created_on>2024-10-28 06:16:02</sys_created_on>
        <sys_id>c4393e81c32d16103fc8502ed4013195</sys_id>
        <sys_mod_count>0</sys_mod_count>
        <sys_name/>
        <sys_package display_value="GitDemo" source="x_1521157_gitdemo">084c0c10c36512103fc8502ed401318f</sys_package>
        <sys_policy/>
        <sys_scope display_value="GitDemo">084c0c10c36512103fc8502ed401318f</sys_scope>
        <sys_update_name/>
        <sys_updated_by>admin</sys_updated_by>
        <sys_updated_on>2024-10-28 06:16:02</sys_updated_on>
        <url/>
        <url_target/>
    </sys_documentation>
    <sys_choice action="delete_multiple" query="name=var__m_sys_hub_action_input_8c383e01c32d16103fc8502ed40131a4"/>
    <sys_documentation action="delete_multiple" query="name=var__m_sys_hub_action_output_8c383e01c32d16103fc8502ed40131a4^sys_idNOT IN08393e81c32d16103fc8502ed40131ba,48393e81c32d16103fc8502ed40131c1,e1983281c32d16103fc8502ed401311f,e9983281c32d16103fc8502ed4013118"/>
    <sys_documentation action="INSERT_OR_UPDATE">
        <element>variable</element>
        <help/>
        <hint/>
        <label>variable</label>
        <language>en</language>
        <name>var__m_sys_hub_action_output_8c383e01c32d16103fc8502ed40131a4</name>
        <plural/>
        <sys_class_name>sys_documentation</sys_class_name>
        <sys_created_by>admin</sys_created_by>
        <sys_created_on>2024-10-28 06:16:03</sys_created_on>
        <sys_id>08393e81c32d16103fc8502ed40131ba</sys_id>
        <sys_mod_count>0</sys_mod_count>
        <sys_name/>
        <sys_package display_value="GitDemo" source="x_1521157_gitdemo">084c0c10c36512103fc8502ed401318f</sys_package>
        <sys_policy/>
        <sys_scope display_value="GitDemo">084c0c10c36512103fc8502ed401318f</sys_scope>
        <sys_update_name/>
        <sys_updated_by>admin</sys_updated_by>
        <sys_updated_on>2024-10-28 06:16:03</sys_updated_on>
        <url/>
        <url_target/>
    </sys_documentation>
    <sys_documentation action="INSERT_OR_UPDATE">
        <element>variable1</element>
        <help/>
        <hint/>
        <label>variable1</label>
        <language>en</language>
        <name>var__m_sys_hub_action_output_8c383e01c32d16103fc8502ed40131a4</name>
        <plural/>
        <sys_class_name>sys_documentation</sys_class_name>
        <sys_created_by>admin</sys_created_by>
        <sys_created_on>2024-10-28 06:16:03</sys_created_on>
        <sys_id>48393e81c32d16103fc8502ed40131c1</sys_id>
        <sys_mod_count>0</sys_mod_count>
        <sys_name/>
        <sys_package display_value="GitDemo" source="x_1521157_gitdemo">084c0c10c36512103fc8502ed401318f</sys_package>
        <sys_policy/>
        <sys_scope display_value="GitDemo">084c0c10c36512103fc8502ed401318f</sys_scope>
        <sys_update_name/>
        <sys_updated_by>admin</sys_updated_by>
        <sys_updated_on>2024-10-28 06:16:03</sys_updated_on>
        <url/>
        <url_target/>
    </sys_documentation>
    <sys_documentation action="INSERT_OR_UPDATE">
        <element>__dont_treat_as_error__</element>
        <help/>
        <hint/>
        <label>Don't Treat as Error</label>
        <language>en</language>
        <name>var__m_sys_hub_action_output_8c383e01c32d16103fc8502ed40131a4</name>
        <plural/>
        <sys_class_name>sys_documentation</sys_class_name>
        <sys_created_by>admin</sys_created_by>
        <sys_created_on>2024-10-28 06:13:25</sys_created_on>
        <sys_id>e1983281c32d16103fc8502ed401311f</sys_id>
        <sys_mod_count>0</sys_mod_count>
        <sys_name/>
        <sys_package display_value="GitDemo" source="x_1521157_gitdemo">084c0c10c36512103fc8502ed401318f</sys_package>
        <sys_policy/>
        <sys_scope display_value="GitDemo">084c0c10c36512103fc8502ed401318f</sys_scope>
        <sys_update_name/>
        <sys_updated_by>admin</sys_updated_by>
        <sys_updated_on>2024-10-28 06:13:25</sys_updated_on>
        <url/>
        <url_target/>
    </sys_documentation>
    <sys_documentation action="INSERT_OR_UPDATE">
        <element>__action_status__</element>
        <help/>
        <hint/>
        <label>Action Status</label>
        <language>en</language>
        <name>var__m_sys_hub_action_output_8c383e01c32d16103fc8502ed40131a4</name>
        <plural/>
        <sys_class_name>sys_documentation</sys_class_name>
        <sys_created_by>admin</sys_created_by>
        <sys_created_on>2024-10-28 06:13:25</sys_created_on>
        <sys_id>e9983281c32d16103fc8502ed4013118</sys_id>
        <sys_mod_count>0</sys_mod_count>
        <sys_name/>
        <sys_package display_value="GitDemo" source="x_1521157_gitdemo">084c0c10c36512103fc8502ed401318f</sys_package>
        <sys_policy/>
        <sys_scope display_value="GitDemo">084c0c10c36512103fc8502ed401318f</sys_scope>
        <sys_update_name/>
        <sys_updated_by>admin</sys_updated_by>
        <sys_updated_on>2024-10-28 06:13:25</sys_updated_on>
        <url/>
        <url_target/>
    </sys_documentation>
    <sys_choice action="delete_multiple" query="name=var__m_sys_hub_action_output_8c383e01c32d16103fc8502ed40131a4"/>
    <sys_hub_action_plan action="delete_multiple" query="action_id=8c383e01c32d16103fc8502ed40131a4"/>
</record_update>
